name,experimental,statistic,average,own,A,R,N,D,C,Q,E,G,H,I,L,K,M,F,P,S,T,W,Y,V
zimmr,TRUE,FALSE,FALSE,FALSE,-0.49,-0.49,-2.64,-1.04,1.39,-2.9,-1.01,-2.61,0.29,4.41,6,1.74,1.16,5.07,4.93,-2.49,-1.33,-2,5.71,2.29
ntan,TRUE,FALSE,FALSE,FALSE,0.95,N,N,N,N,N,N,0,0.95,N,3.41,N,2.47,4.74,N,-0.57,0.76,6.45,4.36,2.84
ntanr,TRUE,FALSE,FALSE,FALSE,0.85,N,N,N,2.8,N,N,0,0.85,3.06,3.06,N,2.21,4.25,N,N,0.68,5.78,3.91,2.55
jones,TRUE,FALSE,FALSE,FALSE,-0.33,-0.38,-2.29,-0.86,1.31,-2.52,-0.83,-2.27,-0.33,5.42,2.95,1.61,1.69,4.71,4.46,-2.34,-2.34,6.98,4.21,2.19
levit,TRUE,TRUE,FALSE,FALSE,0.83,-4.98,-0.33,-4.15,1.66,-0.33,-4.15,0,0.83,2.99,2.99,-4.98,2.16,4.15,2.33,-0.5,0.66,5.65,3.82,2.49
hoppw,TRUE,TRUE,FALSE,FALSE,0.84,-5.05,-0.34,-5.05,1.68,-0.34,-5.05,0,0.84,3.03,3.03,-5.05,2.19,4.21,0,-0.51,0.67,5.72,3.87,2.53
yungd,TRUE,FALSE,FALSE,FALSE,0.2,-4.37,N,N,N,N,-3.04,-1.06,2.9,3.79,3.45,-0.85,3.18,4.68,0.89,-0.92,-0.48,5.77,2.56,1.84
faupl,TRUE,FALSE,FALSE,FALSE,0.85,-2.78,-1.65,-2.12,4.24,-0.61,-1.76,0,0.36,4.95,4.68,-2.72,3.38,4.92,1.98,-0.11,0.72,6.19,2.64,3.36
zaslz,TRUE,FALSE,FALSE,FALSE,0.94,2.5,-0.32,-4.09,N,0.22,-5.48,0,N,2.58,2.21,3.17,2.06,4.73,0.22,-0.32,0.5,11.53,N,1.61
wolf,TRUE,FALSE,FALSE,FALSE,4.49,-5.38,-0.76,-1.33,3.05,-0.62,-0.99,4.69,-1.02,4.58,4.64,-0.69,2.94,3.27,N,1.33,1.41,0.96,0.85,4.51
kuntz,TRUE,FALSE,FALSE,FALSE,0.18,-2.58,-0.74,-8.12,1.11,-0.74,-10.89,1.11,-4.43,1.11,1.11,-5.35,1.11,2.95,-2.58,-0.74,-0.74,-0.74,-2.58,1.11
abodr,TRUE,FALSE,FALSE,FALSE,0.83,-1.74,-2.9,-2.82,0,-2.24,-1.91,0,-2.07,4.31,4.89,-2.32,3.81,4.56,0.66,-0.83,-0.5,4.23,3.23,3.65
meek,TRUE,FALSE,FALSE,FALSE,0.21,0.34,0.34,-3.51,-2.91,-2.05,-7.23,0,-1.5,5.95,3.77,0.04,2.05,5.65,2.61,0.51,1.16,6.38,2.61,1.16
buldg,TRUE,FALSE,FALSE,FALSE,-0.55,-0.33,0.22,-0.55,-1.24,0.44,-0.82,0,-0.33,6.21,6.76,-0.96,4.04,6.4,-2.69,-1.07,-1.43,5.52,6.15,4.29
eisen,FALSE,FALSE,TRUE,FALSE,0.43,-9.17,-3.82,-4.2,-0.57,-4.06,-3.72,0,-2.67,2.72,1.77,-6.02,0.48,2.15,-1.1,-2.01,-1.62,1,-0.67,1.81
kytdo,FALSE,FALSE,TRUE,FALSE,2.18,-4.07,-3.08,-3.08,2.88,-3.08,-3.08,0,-2.78,4.86,4.17,-3.47,2.28,3.17,-1.19,-0.4,-0.3,-0.5,-0.89,4.56
choth,FALSE,TRUE,FALSE,FALSE,0.29,-5.16,-3.54,-3.1,2.06,-4.28,-2.65,0,-2.8,3.54,1.33,-4.87,0.59,2.06,-2.65,-2.06,-1.92,-1.33,-3.1,2.65
wersc,FALSE,TRUE,FALSE,FALSE,1.43,1.04,0.13,-0.52,5.45,-0.78,-0.39,0,3.77,4.94,4.68,-1.3,4.55,5.97,-0.78,1.04,-0.39,5.84,2.99,4.03
janin,FALSE,TRUE,FALSE,FALSE,-0.24,-4.16,-3.42,-3.42,6.85,-3.67,-3.67,0,-2.44,3.18,1.47,-4.28,0.24,0.98,-2.93,-2.44,-2.69,-0.49,-0.73,2.69
olsen,FALSE,TRUE,FALSE,FALSE,0.16,-5.46,-3.95,-3.34,0.37,-4.56,-2.57,0,-2.77,3.99,0.53,-4.85,1.79,1.55,-2,-1.96,-1.83,-2.12,-3.55,2.65
meiro,FALSE,TRUE,FALSE,FALSE,2.13,0.61,0.61,-0.3,3.66,-0.61,-0.61,0,3.35,6.4,4.57,-1.52,4.88,6.71,0,-0.61,0.3,5.18,2.13,5.79
ponnu,TRUE,TRUE,FALSE,FALSE,0.54,-1.03,-2.01,-2.07,5.81,-1.45,-1.63,0,1.65,5.49,4.16,-2.41,4.61,2.82,-1.63,-1.49,-0.72,1.87,2.54,6.08
nneig,FALSE,TRUE,FALSE,TRUE,0.32,-1.04,-2.89,-4.59,5.48,-2.7,-4.39,0,-0.61,4.55,2.34,-4.75,1.6,2.06,-3.16,-1.96,-0.65,2.15,0.98,3.78
robos,FALSE,TRUE,FALSE,FALSE,-1.74,0.52,-1.22,-2.09,3.65,-0.17,-1.22,N,1.91,6.96,3.48,-1.57,3.13,4.87,0.7,-2.09,-0.87,5.22,3.65,2.44
chdlg,FALSE,TRUE,FALSE,FALSE,0.22,-9.59,-3.59,-3.11,0.04,-5.27,-2.38,0,-2.55,2.51,0.95,-6.01,0.39,1.43,-2.51,-1.69,-1.73,-1.17,-3.03,1.86
wsdlg,FALSE,TRUE,FALSE,FALSE,1.39,1.02,0.11,-0.54,6.16,-0.8,-0.38,0,3.86,5.36,4.98,-1.39,3.7,4.07,-0.8,1.02,-0.38,6.91,3,4.13
jadlg,FALSE,TRUE,FALSE,FALSE,0,-7.14,-3.36,-3.78,2.52,-4.2,-4.2,0,-1.68,1.68,0.84,-8.82,0.42,0.84,-2.52,-1.68,-2.1,0,-2.94,1.26
guy,FALSE,TRUE,FALSE,FALSE,0.63,-4.31,-0.41,-1.23,4.77,-1.69,-1.36,0,2.26,3.98,4.11,-2.92,5.23,6.68,-1.09,-0.52,0.71,2.29,1.47,4.36
guym,FALSE,FALSE,TRUE,FALSE,1.06,-1.3,-0.21,-1.18,5.36,-0.97,-1.09,0,2.72,5.21,4.9,-2.33,5.08,6.33,-0.88,-0.27,0.42,3.9,2.24,4.54
kridg,TRUE,TRUE,FALSE,FALSE,0.92,-1.01,-0.16,0.09,3.26,-0.16,-0.11,0,0.46,5.74,3.17,3.67,5.51,6.43,2.66,0.46,0.8,7.58,4.59,3.21
krigk,TRUE,TRUE,FALSE,FALSE,2.63,-0.68,-0.22,0.07,6.49,-0.06,-0.12,0,0.64,5.62,3.21,-2.72,5.43,5.21,-1.64,1.07,1.38,4.92,3.73,4.14
nioii,FALSE,TRUE,FALSE,FALSE,1.02,-0.64,-2.95,-3.59,6.26,-1.69,-2.3,0,0.61,4.27,3.72,-3.32,2.47,1.86,-2.34,-2.03,-0.98,3.28,2.23,4.43
mijer,FALSE,TRUE,FALSE,FALSE,1.18,-0.42,-1.07,-1.24,4.8,-0.85,-1.15,0,0.86,6.05,5.55,-2.13,6.22,6.33,-0.85,-0.54,0.01,4.42,1.96,4.38
rosef,FALSE,TRUE,FALSE,FALSE,0.5,-2.01,-2.26,-2.51,4.77,-2.51,-2.51,0,1.51,4.02,3.27,-5.03,3.27,4.02,-2.01,-1.51,-0.5,3.27,1.01,3.52
sweet,FALSE,TRUE,FALSE,FALSE,0.81,0.24,-0.75,-1.91,2.5,-0.72,-1.64,0,0.09,5.72,5.64,0,5.04,7.72,0.54,0.36,1.16,3.49,6.98,4.71
sweig,FALSE,TRUE,FALSE,TRUE,0.8,0.3,-0.69,-1.85,2.5,-0.65,-1.58,0,0.16,5.68,5.62,0.04,5.04,7.76,0.54,0.36,1.17,3.54,7.05,4.68
rekkr,TRUE,TRUE,FALSE,FALSE,1.32,N,-2.62,-0.05,2.32,-2.72,-0.17,0,-0.57,4.96,4.96,1.3,2.69,5.59,2.52,-1.4,-0.65,5.76,4.24,3.64
vhebl,TRUE,TRUE,FALSE,FALSE,0.82,-9.24,-2.37,-6.1,-2.31,-1.96,-4.84,0,-2.77,2.05,1.95,-3.44,0.2,2.77,-2.68,-1.24,-0.73,1.64,-1.24,1.64
fromm,TRUE,TRUE,FALSE,FALSE,1.22,1.71,0.18,-0.41,2.6,0.55,0.62,0,2.93,4.08,3.84,2.22,4.11,5.82,3.44,0.46,1.83,6.17,4.51,3.29
eimcl,TRUE,TRUE,FALSE,FALSE,1.45,-4.55,-1.3,-2.6,0.82,-0.48,-1.65,0,1.39,4.12,4.12,-1.24,5.2,4.98,2.6,0.02,1.13,5.64,3.47,3.25
prift,FALSE,TRUE,FALSE,TRUE,0.22,1.42,-0.46,-3.08,4.07,-2.81,-1.81,0,0.46,4.77,5.66,-3.04,4.23,4.44,-2.23,-0.45,-1.9,1.04,3.23,4.67
prils,FALSE,TRUE,FALSE,TRUE,0.49,1.67,-0.21,-3.13,4.27,-1.49,-1.15,0,0.76,5.21,6.67,-2.12,5.18,5.18,-0.76,-0.52,-1.08,0.94,"3,79",5.39
altft,FALSE,TRUE,FALSE,TRUE,1.36,1.15,-1.84,-2.43,2.32,1.2,-0.16,0,4,5.41,5.32,-2.33,4.22,5.53,-1.16,-0.23,0.53,2.23,3.89,4.67
altls,FALSE,TRUE,FALSE,TRUE,1.43,0.62,-1.64,-1.94,3.26,1.43,0.4,0,3.95,5.36,5.02,-1.95,4.25,5.49,-1.61,-0.12,0.32,2.44,4.29,4.48
totft,FALSE,TRUE,FALSE,TRUE,0.81,1.12,-1.56,-3.03,3.2,-0.98,-1.02,0,2.21,5.3,5.57,-2.79,4.56,5.14,-1.91,-0.51,-0.63,1.27,3.6,4.77
totls,FALSE,TRUE,FALSE,TRUE,1,1.02,-1.43,-2.73,3.88,-0.24,-0.32,0,2.49,5.58,5.95,-2.13,5.19,5.6,-1.41,-0.34,-0.31,1.28,4.01,5.1